flow_id,split,start_rel,duration,transport,server_port,packet_count_up,packet_count_down,bytes_up,bytes_down,mean_pkt_size_up,mean_pkt_size_down,std_pkt_size_up,std_pkt_size_down,mean_iat,std_iat,min_iat,max_iat,burst_count,up_down_packet_ratio,up_down_byte_ratio
flow_000556,train,984.059211969,0.279441118,udp,443,27,98,7246,113520,268.37037037,1158.367346939,436.253761367,355.210325385,0.002253557,0.005020887,0.0,0.03463006,1,0.275510204,0.063830162
flow_001329,train,2364.626528978,0.288427114,udp,443,40,74,6892,87007,172.3,1175.77027027,318.042072689,335.881194701,0.002552452,0.006851206,0.0,0.045767069,1,0.540540541,0.079212017
flow_000888,train,1653.145131111,0.405308962,udp,443,44,77,9784,91073,222.363636364,1182.766233766,387.759302738,344.603136922,0.003377575,0.008914816,0.0,0.052874804,1,0.571428571,0.107430303
flow_000892,train,1708.775146961,0.403140068,udp,443,42,75,8265,86971,196.785714286,1159.613333333,354.964487541,364.313158087,0.003475345,0.009107388,0.0,0.062663078,1,0.56,0.095031677
flow_000862,train,1365.734263182,0.429064989,udp,443,43,75,8332,87247,193.76744186,1163.293333333,350.408521533,351.579285447,0.003667222,0.011602212,0.0,0.098104954,1,0.573333333,0.095498986
flow_001186,train,2134.220191002,0.426997185,udp,443,42,73,8261,87066,196.69047619,1192.684931507,354.082347706,319.916079609,0.003745589,0.011220489,0.0,0.076705217,1,0.575342466,0.094882044
flow_000370,train,493.631915092,0.485212088,udp,443,46,78,11068,89932,240.608695652,1152.974358974,411.373123674,366.157244292,0.003944814,0.01086222,0.0,0.071053982,1,0.58974359,0.123070765
flow_000886,train,1595.436813116,0.573724031,udp,443,59,87,20275,89306,343.644067797,1026.505747126,477.623451526,490.971799025,0.003956717,0.011287284,0.0,0.06982398,1,0.67816092,0.227028419
flow_000342,train,397.799564123,0.548455,udp,443,51,83,9446,93990,185.215686275,1132.409638554,324.251011078,399.551556941,0.004123722,0.012654094,0.0,0.103616953,1,0.614457831,0.100500053
flow_000867,train,1461.49583602,0.494554996,udp,443,42,75,8201,87339,195.261904762,1164.52,354.064162838,355.929744378,0.004263405,0.014956572,0.0,0.135713816,1,0.56,0.093898488
flow_000483,train,877.973108053,0.530457973,udp,443,46,78,12197,91826,265.152173913,1177.256410256,433.752231789,338.201253841,0.004312666,0.010326805,0.0,0.061517954,1,0.58974359,0.132827304
flow_001338,train,2422.175632,0.54498601,udp,443,42,76,8329,89511,198.30952381,1177.776315789,353.57160574,345.257516351,0.004658,0.01141067,0.0,0.078749895,1,0.552631579,0.093050016
flow_000855,train,1269.501620054,0.642080069,udp,443,46,79,11082,91082,240.913043478,1152.936708861,411.540046447,364.533700471,0.005178065,0.015775267,0.0,0.117576122,1,0.582278481,0.121670583
flow_000685,train,1033.807235003,0.146742105,tcp,443,16,13,1979,5331,123.6875,410.076923077,163.565246442,574.482035809,0.005240789,0.012180117,0.0,0.048804998,1,1.230769231,0.371224911
flow_000907,train,1816.293930054,0.296476126,udp,443,26,29,8193,27977,315.115384615,964.724137931,449.041828352,508.105466689,0.005490299,0.011322928,0.0,0.056298971,1,0.896551724,0.292847696
flow_001269,train,2181.195587158,0.247223854,udp,443,11,34,3591,36286,326.454545455,1067.235294118,492.742116516,440.15392086,0.005618724,0.012125187,0.0,0.050717115,1,0.323529412,0.098963788
flow_001328,train,2355.577070951,230.807984114,udp,443,2408,37492,494836,46383803,205.496677741,1237.16534194,216.880740968,191.603633484,0.005784806,0.188799349,0.0,18.636276007,40,0.064227035,0.010668293
flow_000036,train,17.691943169,0.127662897,tcp,443,11,10,2492,5185,226.545454545,518.5,400.193444959,619.139927642,0.006383145,0.010419562,0.0,0.039330959,1,1.1,0.480617165
flow_000873,train,1527.334459066,0.177314997,udp,443,12,14,7701,7879,641.75,562.785714286,556.789476224,541.917386768,0.0070926,0.015485314,0.0,0.053106785,1,0.857142857,0.977408301
flow_001185,train,2134.09643507,0.119925022,udp,443,7,9,2250,5128,321.428571429,569.777777778,427.999952317,537.928904385,0.007995001,0.014550511,0.0,0.045087099,1,0.777777778,0.438767551
flow_001277,train,2182.091794968,0.348191023,udp,443,16,28,4457,26290,278.5625,938.928571429,409.234188569,512.568039286,0.008097466,0.01380915,0.0,0.047440052,1,0.571428571,0.169532141
flow_000684,train,1033.755870104,0.198107004,tcp,443,12,13,1298,5244,108.166666667,403.384615385,63.0103607,553.740641659,0.008254459,0.013448174,0.0,0.039331913,1,0.923076923,0.247520976
flow_001402,train,2671.947844982,0.314733982,tcp,443,19,20,4826,11604,254.0,580.2,388.018312102,613.94116982,0.008282473,0.018426921,0.0,0.094022036,1,0.95,0.415891072
flow_000088,train,46.884936094,0.20757103,udp,443,11,15,7616,7956,692.363636364,530.4,554.359462103,538.747782671,0.008302841,0.01720636,0.0,0.069797039,1,0.733333333,0.957264957
flow_000978,train,1949.881591082,0.227494955,udp,443,13,15,7773,7938,597.923076923,529.2,555.996605072,537.719034441,0.008425739,0.018010544,0.0,0.078552961,1,0.866666667,0.979213908
flow_000258,train,290.839823961,0.109704018,tcp,443,8,6,1330,2773,166.25,462.166666667,164.84443424,569.690096066,0.008438771,0.01273691,0.0,0.036116838,1,1.333333333,0.479624955
flow_000682,train,1033.654414177,0.202755928,tcp,443,12,13,1298,5244,108.166666667,403.384615385,63.0103607,553.740641659,0.008448164,0.014464235,0.0,0.041496992,1,0.923076923,0.247520976
flow_000687,train,1033.920773983,0.206390142,tcp,443,12,13,1298,5244,108.166666667,403.384615385,63.0103607,553.740641659,0.008599589,0.016112078,0.0,0.046623945,1,0.923076923,0.247520976
flow_000261,train,291.319959164,0.121459007,tcp,443,9,6,1384,3284,153.777777778,547.333333333,159.345032888,541.458113698,0.008675643,0.013133758,0.0,0.035118103,1,1.5,0.421437272
flow_000683,train,1033.701042175,0.213163853,tcp,443,12,13,1298,5256,108.166666667,404.307692308,63.0103607,553.187182761,0.008881827,0.016133917,0.0,0.044658899,1,0.923076923,0.24695586
flow_000324,train,356.874271154,0.25939393,udp,443,17,12,5886,4903,346.235294118,408.583333333,383.327310519,434.524540606,0.009264069,0.018401778,0.0,0.088623047,1,1.416666667,1.200489496
flow_000689,train,1034.043735027,0.223175049,tcp,443,12,13,1298,5244,108.166666667,403.384615385,63.0103607,553.740641659,0.00929896,0.014510163,0.0,0.041117907,1,0.923076923,0.247520976
flow_000277,train,296.519742966,0.130442142,tcp,443,8,7,2835,1942,354.375,277.428571429,497.038715167,481.181538995,0.009317296,0.014150531,0.0,0.043146133,1,1.142857143,1.459835221
flow_000681,train,1033.597408056,0.226535082,tcp,443,12,13,1298,5244,108.166666667,403.384615385,63.0103607,553.740641659,0.009438962,0.016062012,0.0,0.055851221,1,0.923076923,0.247520976
flow_000265,train,292.620100021,0.360672951,tcp,443,20,19,2853,5255,142.65,276.578947368,177.28205634,416.850890391,0.009491393,0.013988873,0.0,0.043336868,1,1.052631579,0.542911513
flow_000053,train,21.852229118,0.214869976,tcp,443,13,10,1375,4107,105.769230769,410.7,65.345418115,531.782107634,0.009766817,0.013062958,0.0,0.047572851,1,1.3,0.334794254
flow_000894,train,1738.869948149,0.257336855,udp,443,13,14,7769,7879,597.615384615,562.785714286,555.989144673,541.917386768,0.009897571,0.023524141,0.0,0.088157892,1,0.928571429,0.986038837
flow_000295,train,302.753813982,0.190246105,tcp,443,11,9,1249,4041,113.545454545,449.0,68.203390527,547.306739102,0.010012953,0.016106841,0.0,0.048170805,1,1.222222222,0.30908191
flow_001266,train,2179.59062314,0.270581961,tcp,443,15,13,1981,9920,132.066666667,763.076923077,169.654341399,660.156795074,0.010021554,0.018274315,0.0,0.064139128,1,1.153846154,0.199697581
flow_001248,train,2161.466772079,0.256486893,udp,443,12,14,7694,7876,641.166666667,562.571428571,557.120698074,541.678174655,0.010259476,0.023881818,0.0,0.110260963,1,0.857142857,0.976891823
flow_001168,train,2131.751098156,0.157326937,udp,443,6,10,2216,5085,369.333333333,508.5,447.480974146,510.172372831,0.010488462,0.015163141,0.0,0.044039011,1,0.6,0.435791544
flow_001232,train,2154.968285084,0.14727807,udp,443,7,8,3185,6801,455.0,850.125,554.249299246,489.703593386,0.010519862,0.012890759,0.0,0.037449837,1,0.875,0.468313483
flow_000898,train,1768.839145184,0.253922939,udp,443,12,13,5879,4878,489.916666667,375.230769231,561.62820714,458.393206059,0.010580122,0.014342108,0.0,0.040090084,1,0.923076923,1.205207052
flow_000263,train,291.690315962,0.169856071,tcp,443,10,7,1444,3351,144.4,478.714285714,153.763584766,528.985744957,0.010616004,0.016241482,0.0,0.047497034,1,1.428571429,0.430916144
flow_000821,train,1104.396696091,0.272446871,udp,443,12,14,6478,7887,539.833333333,563.357142857,539.948891614,542.560149021,0.010897875,0.019692583,0.0,0.075990915,1,0.857142857,0.821351591
flow_000255,train,290.408069134,0.132361889,tcp,443,8,5,1318,1062,164.75,212.4,165.774507992,199.993599898,0.011030157,0.012565148,0.0,0.038696051,1,1.6,1.241054614
flow_000767,train,1048.949690104,0.232727051,udp,443,10,12,3713,7713,371.3,642.75,487.376661321,554.4993425,0.011082241,0.012823723,0.0,0.035120964,1,0.833333333,0.481395047
flow_000809,train,1053.795864105,0.168878078,udp,443,6,10,2210,5079,368.333333333,507.9,447.82685146,510.311561695,0.011258539,0.016071966,0.0,0.057457924,1,0.6,0.435125025
flow_000655,train,1018.162353992,0.529744148,udp,443,19,29,9517,32338,500.894736842,1115.103448276,572.654290378,401.810844572,0.011271152,0.025417448,0.0,0.151489019,1,0.655172414,0.29429773
flow_000259,train,290.970000029,0.15288496,tcp,443,8,6,1318,3286,164.75,547.666666667,165.774507992,541.76552944,0.011760382,0.017177305,0.0,0.056787968,1,1.333333333,0.401095557
flow_000257,train,290.709645033,0.153264999,tcp,443,8,6,1318,3285,164.75,547.5,165.774507992,541.611715161,0.011789615,0.01367001,0.0,0.039890051,1,1.333333333,0.401217656
flow_000905,train,1816.060824156,0.247817993,udp,443,10,12,4923,9330,492.3,777.5,566.854663913,561.768858161,0.011800857,0.01399326,0.0,0.039529085,1,0.833333333,0.527652733
flow_000278,train,300.449619055,0.470674038,udp,443,18,22,7319,17777,406.611111111,808.045454545,508.691036866,543.023896785,0.012068565,0.019842749,0.0,0.09126091,1,0.818181818,0.411711762
flow_000256,train,290.579684973,0.150534153,tcp,443,8,5,1318,1062,164.75,212.4,165.774507992,199.993599898,0.012544513,0.014371184,0.0,0.039226055,1,1.6,1.241054614
flow_001405,train,2675.517089128,2.273591995,udp,443,42,140,8267,169767,196.833333333,1212.621428571,314.034341212,286.456141441,0.012561282,0.135812179,0.0,1.831343889,2,0.3,0.048696154
flow_000729,train,1042.087432146,0.050884008,udp,443,3,2,4024,218,1341.333333333,109.0,33.469720976,0.0,0.012721002,0.020425529,0.000217199,0.048090935,1,1.5,18.458715596
flow_001291,train,2188.86662817,0.217989922,udp,443,8,10,7045,7534,880.625,753.4,571.849616923,563.43876331,0.012822937,0.020334297,0.0,0.070132017,1,0.8,0.935094239
flow_001361,train,2604.983330965,0.337553024,udp,443,14,13,10126,5001,723.285714286,384.692307692,565.687499366,456.000402263,0.012982809,0.023092327,0.0,0.104015112,1,1.076923077,2.024795041
flow_000953,train,1846.33259201,1.657629013,udp,443,49,76,15279,87315,311.816326531,1148.881578947,486.094543314,371.183915511,0.013367976,0.104448194,0.0,1.166918039,2,0.644736842,0.174987116
flow_000273,train,296.069621086,0.188162088,tcp,443,8,7,1318,947,164.75,135.285714286,165.774507992,156.864558763,0.013440149,0.016910227,0.0,0.053086042,1,1.142857143,1.391763464
flow_001297,train,2222.674666166,0.499135017,udp,443,21,17,17885,8674,851.666666667,510.235294118,581.049324464,545.02407172,0.013490136,0.019752346,0.0,0.083715916,1,1.235294118,2.061909154
flow_000298,train,306.463762999,0.162523031,tcp,443,8,5,2436,3785,304.5,757.0,455.107130245,619.029563107,0.013543586,0.025451553,0.0,0.078444004,1,1.6,0.643593131
flow_001340,train,2433.465998173,0.261921883,udp,443,9,11,5614,4691,623.777777778,426.454545455,591.892403469,481.466767216,0.013785362,0.015537591,0.0,0.052070856,1,0.818181818,1.196759753
flow_000836,train,1164.278566122,0.263911963,udp,443,9,11,5675,4680,630.555555556,425.454545455,588.366875552,481.646298672,0.013890103,0.016674919,0.0,0.05707407,1,0.818181818,1.212606838
flow_001383,train,2650.250926971,0.325500011,udp,443,12,12,6816,8968,568.0,747.333333333,561.790589692,539.909303083,0.014152174,0.016148876,0.0,0.067410946,1,1.0,0.760035682
flow_000484,train,892.172650099,0.35137701,udp,443,11,14,6264,7884,569.454545455,563.142857143,553.866633707,542.318285188,0.014640709,0.037690144,0.0,0.173107862,1,0.785714286,0.794520548
flow_000672,train,1020.381909132,0.283679962,tcp,443,12,8,1748,4370,145.666666667,546.25,184.624092565,565.304950889,0.014930524,0.027708293,0.0,0.111638069,1,1.5,0.4
flow_000866,train,1406.953058958,0.537571192,tcp,443,18,19,4386,7144,243.666666667,376.0,370.727512992,507.838764301,0.014932533,0.022142118,0.0,0.06775403,1,0.947368421,0.613941769
flow_001355,train,2600.431522131,0.407991886,udp,443,13,15,8519,8441,655.307692308,562.733333333,613.861220174,557.650125278,0.015110811,0.035539499,0.0,0.184884071,1,0.866666667,1.009240611
flow_000984,train,2010.240870953,0.290766001,udp,443,10,10,5736,4620,573.6,462.0,581.275184401,490.565591945,0.015303474,0.017117005,0.0,0.059026957,1,1.0,1.241558442
flow_000859,train,1316.565299988,0.589447975,udp,443,18,21,13074,12036,726.333333333,573.142857143,551.338069307,563.304728976,0.015511789,0.050764318,0.0,0.286754131,1,0.857142857,1.086241276
flow_000838,train,1164.586721182,956.332261801,udp,443,3332,55958,653382,69489795,196.093037215,1241.82056185,195.851408106,179.328566271,0.016130012,0.71680203,0.0,51.066442966,75,0.059544658,0.00940256
flow_000559,train,984.242561102,0.309870958,udp,443,10,10,2499,5907,249.9,590.7,379.969590889,506.721037653,0.016308998,0.018579177,0.0,0.058640003,1,1.0,0.42305739
flow_000011,train,11.453972101,0.242258072,tcp,443,9,6,1384,3285,153.777777778,547.5,159.345032888,541.611715161,0.017304148,0.020502222,0.0,0.072057009,1,1.5,0.42130898
flow_000569,train,985.858117104,0.406646967,udp,443,13,11,3966,5813,305.076923077,528.454545455,445.71747891,502.579231861,0.017680303,0.020954398,0.0,0.070795059,1,1.181818182,0.682263891
flow_000837,train,1164.515599966,957.545656204,udp,443,2644,51473,504596,64206306,190.845688351,1247.3783537,193.358865644,162.550738822,0.017694317,0.792299691,0.0,51.083055019,70,0.051366736,0.007858979
flow_000144,train,104.786803961,0.590539217,tcp,443,18,16,2738,5138,152.111111111,321.125,186.858796626,441.92248684,0.017895128,0.025618211,0.0,0.095440865,1,1.125,0.532892176
flow_000504,train,951.280886173,0.450329781,tcp,443,12,13,3896,2722,324.666666667,209.384615385,446.867305684,366.227869053,0.018763741,0.030378783,0.0,0.11581707,1,0.923076923,1.431300514
flow_000341,train,379.150300026,0.551627159,udp,443,15,15,6553,9877,436.866666667,658.466666667,544.604304875,565.056323643,0.019021626,0.028221608,0.0,0.112636805,1,1.0,0.663460565
flow_000045,train,19.100401163,0.399943829,tcp,443,11,11,1682,5099,152.909090909,463.545454545,156.40882011,549.07067994,0.019044944,0.02917622,0.0,0.123126984,1,1.0,0.329868602
flow_001398,train,2671.366556168,0.251374006,udp,443,5,9,3080,4060,616.0,451.111111111,613.218395027,486.283969266,0.019336462,0.025819239,0.0,0.074743032,1,0.555555556,0.75862069
flow_000322,train,356.534052134,0.369467974,tcp,443,9,9,1931,2150,214.555555556,238.888888889,237.110434238,410.398300962,0.02173341,0.02997825,0.0,0.119844198,1,1.0,0.898139535
flow_000171,train,193.36027813,0.372122049,tcp,443,9,9,1931,2138,214.555555556,237.555555556,237.110434238,410.937981563,0.021889532,0.028913322,0.0,0.111953974,1,1.0,0.903180543
flow_000831,train,1154.55697608,0.604741096,udp,443,13,15,8052,7893,619.384615385,526.2,590.28031652,527.067130449,0.022397818,0.042264224,0.0,0.187919855,1,0.866666667,1.020144432
flow_000451,train,741.957549095,0.395959854,udp,443,9,9,5628,4557,625.333333333,506.333333333,592.845492331,497.747370103,0.023291756,0.023019778,0.0,0.065037012,1,1.0,1.235023041
flow_000266,train,293.099985123,0.379650831,tcp,443,9,8,1931,2072,214.555555556,259.0,237.110434238,431.09163759,0.023728177,0.030837169,0.0,0.1172328,1,1.125,0.931949807
flow_000461,train,753.860846996,0.379816055,tcp,443,9,8,1931,2072,214.555555556,259.0,237.110434238,431.09163759,0.023738503,0.029986474,0.0,0.109823942,1,1.125,0.931949807
flow_000391,train,613.770328045,0.389322042,tcp,443,9,8,1931,2072,214.555555556,259.0,237.110434238,431.09163759,0.024332628,0.032195587,0.0,0.125066042,1,1.125,0.931949807
flow_000412,train,681.552168131,0.400377035,tcp,443,9,8,1931,2072,214.555555556,259.0,237.110434238,431.09163759,0.025023565,0.031767884,0.0,0.12490201,1,1.125,0.931949807
flow_000845,train,1173.142359972,3.165827036,udp,443,47,80,8643,90142,183.893617021,1126.775,336.416170459,405.408743585,0.025125611,0.117492805,0.0,1.030155897,2,0.5875,0.095882053
flow_001216,train,2152.240082979,0.240466118,udp,443,4,6,3074,3565,768.5,594.166666667,600.511656839,532.551536369,0.026718458,0.025648155,0.0,0.07628417,1,0.666666667,0.86227209
flow_000539,train,976.517747164,4.026928902,udp,443,67,84,36014,25538,537.52238806,304.023809524,531.912498645,373.972018822,0.026846193,0.072785579,0.0,0.801030874,1,0.797619048,1.410212233
flow_001006,train,2076.809821129,0.634731054,tcp,443,13,10,1370,4521,105.384615385,452.1,64.313580886,538.481838134,0.028851412,0.052028135,0.0,0.152617931,1,1.3,0.303030303
flow_000101,train,87.787224054,0.480909109,tcp,443,9,8,1931,2072,214.555555556,259.0,237.110434238,431.09163759,0.030056819,0.045454037,0.0,0.164186954,1,1.125,0.931949807
flow_000533,train,975.987775087,1.011699915,udp,443,16,18,8396,8167,524.75,453.722222222,561.361792875,464.652774249,0.030657573,0.112673149,0.0,0.663684845,1,0.888888889,1.028039672
flow_000015,train,13.441598177,0.7201159,tcp,443,12,11,1600,5539,133.333333333,503.545454545,142.530893337,607.158413302,0.032732541,0.04198428,0.0,0.150460958,1,1.090909091,0.288860805
flow_001397,train,2671.169610977,0.34535718,udp,443,5,6,3082,3565,616.4,594.166666667,612.905408689,532.551536369,0.034535718,0.037388561,0.0,0.098065853,1,0.833333333,0.864516129
flow_000568,train,985.758825064,0.800189018,udp,443,13,11,5887,6472,452.846153846,588.363636364,545.497774959,496.143907409,0.034790827,0.061142709,0.0,0.29391408,1,1.181818182,0.90961063
flow_001401,train,2671.85769701,2.91751194,tcp,443,33,38,6841,8387,207.303030303,220.710526316,265.699019153,322.920790996,0.041678742,0.211505817,0.0,1.775338173,2,0.868421053,0.815667104
flow_000816,train,1071.762444973,5.876679182,udp,443,50,79,9062,87677,181.24,1109.835443038,326.842871117,422.546033156,0.045911556,0.181261635,0.0,1.525298119,3,0.632911392,0.103356639
flow_000267,train,294.260925055,680.326524973,tcp,443,3815,10404,284853,14164649,74.666579292,1361.461841599,28.401880436,327.08172556,0.047849664,0.756756566,0.0,19.95499301,85,0.36668589,0.020110135
flow_000650,train,1014.944002151,0.692713976,udp,443,8,7,4517,5823,564.625,831.857142857,584.322029685,499.137378333,0.04947957,0.070429468,0.0,0.239670038,1,1.142857143,0.775716984
flow_000547,train,980.91802907,58.742149115,udp,443,302,873,149876,930829,496.278145695,1066.241695304,554.58433404,455.240173011,0.050035902,0.961367399,0.0,29.945450068,7,0.345933562,0.161013462
flow_000035,train,17.639734983,53.562029123,tcp,443,349,680,25903,966107,74.220630372,1420.745588235,85.03095697,208.739934547,0.052103141,1.62523471,0.0,52.135608912,2,0.513235294,0.02681173
flow_000014,train,13.191040993,276.846984148,tcp,443,1787,3489,179646,4748730,100.529378847,1361.05760963,154.510496992,325.383883528,0.052482841,0.641780699,0.0,16.568876982,42,0.512181141,0.037830325
flow_000973,train,1884.156818151,1.545216799,udp,443,14,16,8588,7591,613.428571429,474.4375,600.543886143,520.355283526,0.053283338,0.213728193,0.0,1.18031311,2,0.875,1.131339744
flow_001330,train,2364.788048029,1.231080055,udp,443,11,13,5923,7132,538.454545455,548.615384615,569.793641057,546.204743024,0.05352522,0.184508513,0.0,0.914642811,1,0.846153846,0.830482333
flow_000120,train,95.631088018,0.287837029,tcp,443,3,3,222,180,74.0,60.0,11.313708499,0.0,0.057567406,0.114015832,0.0,0.285596848,1,1.0,1.233333333
flow_000846,train,1174.13280797,3.161051035,tcp,443,21,21,4669,7205,222.333333333,343.095238095,319.154289204,489.926321454,0.077098806,0.200086793,0.0,1.030155897,2,1.0,0.648022207
flow_000022,train,14.462697983,2.847666979,tcp,443,20,17,3534,5648,176.7,332.235294118,301.319946237,447.531336979,0.079101861,0.198123592,0.0,1.035480976,2,1.176470588,0.625708215
flow_000023,train,14.561058998,2.785912991,tcp,443,18,18,2444,8922,135.777777778,495.666666667,167.79437004,569.925628676,0.079597514,0.215863571,0.0,1.134824038,2,1.0,0.273929612
flow_001321,train,2350.676779032,233.271731138,udp,443,547,2295,280347,2278856,512.517367459,992.965577342,520.598313828,446.491584202,0.082109022,0.878221986,0.0,27.063118935,40,0.238344227,0.123020937
flow_000017,train,13.851080179,1.57021594,tcp,443,11,8,1571,1021,142.818181818,127.625,146.942053008,148.12658227,0.087234219,0.177147397,0.0,0.579800129,1,1.375,1.538687561
flow_000141,train,99.956099987,2.481487989,tcp,443,16,13,1592,5758,99.5,442.923076923,59.302192202,490.064118495,0.088624571,0.150006674,0.0,0.479733944,1,1.230769231,0.276484891
flow_000031,train,15.181380033,2.128984928,tcp,443,14,11,1282,4592,91.571428571,417.454545455,61.278887399,504.989714321,0.088707705,0.152199976,0.0,0.656009912,1,1.272727273,0.279181185
flow_000030,train,15.079807043,2.231743097,tcp,443,13,10,1234,4146,94.923076923,414.6,62.609241808,529.553056832,0.101442868,0.190337981,0.0,0.823630095,1,1.3,0.297636276
flow_000206,train,232.542102098,0.521205902,udp,443,3,3,3965,3876,1321.666666667,1292.0,41.95500235,0.0,0.10424118,0.127374002,0.001404047,0.296169996,1,1.0,1.022961816
flow_001264,train,2179.362581015,3.17931509,udp,443,16,13,5676,7169,354.75,551.461538462,472.875974754,523.482659383,0.113546968,0.508008614,0.0,2.751270056,2,1.230769231,0.791742223
flow_001145,train,2129.122377157,20.883059978,udp,443,38,110,20111,99015,529.236842105,900.136363636,556.804862077,502.392321838,0.142061633,1.141063793,0.0,13.652337074,5,0.345454545,0.20311064
flow_000254,train,290.243234158,684.387168884,tcp,443,2178,2479,954754,1388946,438.36271809,560.284792255,570.579144287,598.184948261,0.146990371,0.919818855,0.0,20.033191919,138,0.878580073,0.687394614
flow_001323,train,2351.267677069,234.771665096,udp,443,781,624,694561,69486,889.322663252,111.355769231,532.290016413,117.927516167,0.167216286,0.764460886,0.0,9.457045078,58,1.251602564,9.995696975
flow_000100,train,85.16779995,5.986296177,tcp,443,18,16,9116,6516,506.444444444,407.25,585.298425518,482.214099234,0.181402914,0.946146632,0.0,5.53056407,2,1.125,1.399017802
flow_000221,train,258.532323122,3.748960972,udp,443,9,11,10723,12883,1191.444444444,1171.181818182,349.241753617,346.107397463,0.197313735,0.454718381,0.0,1.478708982,3,0.818181818,0.832337189
flow_000226,train,262.381663084,3.899981976,udp,443,8,10,9434,11589,1179.25,1158.9,367.515560895,360.774846684,0.229410704,0.512844697,0.0,1.888761044,3,0.8,0.814047804
flow_000531,train,975.48746109,29.573047876,udp,443,45,79,12375,88797,275.0,1124.012658228,451.018698799,408.959175756,0.240431284,2.608604276,0.0,29.05317688,2,0.569620253,0.139362816
flow_000604,train,995.357398033,1125.193366051,udp,443,1318,3219,711567,2673931,539.883915023,830.671326499,508.712326952,521.681247598,0.248058502,2.988989174,0.0,51.32601881,74,0.409443927,0.266112701
flow_000381,train,529.236294985,34.638058186,udp,443,64,55,53615,11556,837.734375,210.109090909,546.106509821,365.681315441,0.293542866,1.55837832,0.0,10.647724867,5,1.163636364,4.63958117
flow_000552,train,981.867475033,30.313470125,udp,443,29,73,5129,87506,176.862068966,1198.712328767,318.815666571,293.163448704,0.300133368,2.966578714,0.0,29.965564966,2,0.397260274,0.058613124
flow_000450,train,740.425397158,34.900068998,udp,443,64,51,51162,7568,799.40625,148.392156863,556.060634024,266.796616261,0.306140956,1.549151075,0.0,9.793432951,5,1.254901961,6.760306554
flow_000145,train,106.432271004,34.951780081,udp,443,64,51,51071,7584,797.984375,148.705882353,568.978621418,267.224609507,0.306594562,1.560697439,0.0,9.902362108,5,1.254901961,6.734045359
flow_001294,train,2221.084830999,35.10708499,udp,443,64,51,51291,7605,801.421875,149.117647059,555.616684547,266.528345037,0.307956886,1.578408118,0.0,9.879224062,5,1.254901961,6.744378698
flow_000078,train,27.649496078,1041.046207905,udp,443,1417,1869,569120,158880,401.637261821,85.008025682,454.700847435,84.579641915,0.316909044,3.806341842,0.0,103.079939842,44,0.758159444,3.582074522
flow_000882,train,1587.031624079,34.929684877,udp,443,56,54,43113,10312,769.875,190.962962963,549.476343651,337.413196682,0.320455825,1.566552855,0.0,9.87471199,5,1.037037037,4.180857254
flow_000990,train,2071.65528512,3.877253056,udp,443,7,6,3178,4531,454.0,755.166666667,554.899733543,499.492548048,0.323104421,1.023554392,0.0,3.717337132,2,1.166666667,0.701390422
flow_000900,train,1798.319094181,34.981324911,udp,443,55,43,49320,7069,896.727272727,164.395348837,518.928562417,287.901641758,0.360632216,1.699823636,0.0,9.901762962,5,1.279069767,6.976941576
flow_000645,train,1014.542073011,10.836792946,udp,443,14,15,5472,6037,390.857142857,402.466666667,469.147228969,468.014510696,0.387028319,1.842586765,0.0,9.958630085,2,0.933333333,0.906410469
flow_000799,train,1052.74379611,39.778482914,udp,443,46,44,38520,15845,837.391304348,360.113636364,551.765800911,454.751041576,0.446949246,2.100695225,0.0,15.154875994,5,1.045454545,2.431050805
flow_001308,train,2290.442630053,42.209084034,udp,443,48,46,27165,14002,565.9375,304.391304348,563.289719943,442.042565246,0.453861119,2.02525405,0.0,10.024165869,5,1.043478261,1.940079989
flow_000248,train,282.890761137,7.143213987,tcp,443,7,8,1295,550,185.0,68.75,166.10065795,6.777720856,0.510229571,1.067299171,0.0,4.126407862,3,0.875,2.354545455
flow_000184,train,199.556602955,42.083838224,udp,443,33,47,21489,10546,651.181818182,224.382978723,567.854038787,355.569339869,0.532706813,1.939983124,0.0,9.983173132,8,0.70212766,2.037644605
flow_000554,train,983.054142952,31.242605209,udp,443,29,30,15228,6723,525.103448276,224.1,547.160402935,333.717280543,0.538665607,2.206369478,0.0,10.037732124,4,0.966666667,2.265060241
flow_000249,train,283.011543989,7.021164179,tcp,443,7,7,1295,476,185.0,68.0,166.10065795,6.92820323,0.540089552,1.13877094,0.0,4.260065794,3,1.0,2.720588235
flow_000974,train,1886.241801023,41.05619216,udp,443,36,38,19247,8509,534.638888889,223.921052632,553.976090177,349.327954912,0.562413591,2.273264517,0.0,10.034958124,5,0.947368421,2.261957927
flow_000880,train,1582.951218128,41.138142824,udp,443,37,36,20567,11817,555.864864865,328.25,559.122969705,456.592900064,0.571363095,2.284771957,0.0,10.01296711,5,1.027777778,1.740458661
flow_000250,train,283.150561094,6.897911072,tcp,443,6,7,1150,476,191.666666667,68.0,178.540067087,6.92820323,0.574825923,1.124238241,0.0,3.739092827,4,0.857142857,2.415966387
flow_000126,train,96.895783186,42.564433813,udp,443,39,36,22096,12270,566.564102564,340.833333333,567.299531739,454.249472574,0.575195052,2.251223826,0.0,9.992249012,5,1.083333333,1.800814996
flow_000890,train,1684.240098953,40.886531115,udp,443,34,36,20299,9689,597.029411765,269.138888889,565.055618569,394.706934374,0.592558422,2.329364685,0.0,10.013019085,5,0.944444444,2.095056249
flow_000817,train,1075.699759007,42.315809965,udp,443,35,37,20624,9971,589.257142857,269.486486486,555.176643336,390.764297632,0.595997323,2.296698521,0.0,10.036878109,5,0.945945946,2.068398355
flow_000239,train,273.421631098,16.871425867,tcp,443,14,15,3582,3495,255.857142857,233.0,387.10239641,403.995214493,0.602550924,1.670219074,0.0,8.119897127,5,0.933333333,1.024892704
flow_000847,train,1178.110675097,41.32576704,udp,443,33,35,19019,10863,576.333333333,310.371428571,555.037681858,431.508389967,0.616802493,2.3608478,0.0,9.995995998,5,0.942857143,1.750805487
flow_000642,train,1013.357969999,55.189939976,udp,443,48,42,25013,10131,521.104166667,241.214285714,534.100070195,370.99907173,0.620111685,3.279814608,0.0,29.855144024,8,1.142857143,2.468956668
flow_000980,train,1987.406576157,40.815941811,udp,443,32,34,17640,7622,551.25,224.176470588,551.055861506,316.716840559,0.627937566,2.399348137,0.0,10.007762909,5,0.941176471,2.314353188
flow_000147,train,109.957991123,180.030977964,tcp,443,129,150,30203,105838,234.131782946,705.586666667,371.930609095,627.181007224,0.647593446,7.765349218,0.0,128.344336033,11,0.86,0.285370094
flow_000210,train,242.511247158,25.573127985,udp,443,7,33,9131,22453,1304.428571429,680.393939394,25.544678746,544.734460715,0.65572123,2.268332397,0.0,12.809311152,5,0.212121212,0.406671714
flow_000215,train,250.711920023,25.577593088,udp,443,7,33,9131,22436,1304.428571429,679.878787879,25.544678746,545.198754838,0.65583572,2.266566393,0.0,12.814881086,5,0.212121212,0.406979854
flow_000246,train,279.531190157,10.487336874,tcp,443,7,9,1295,624,185.0,69.333333333,166.10065795,6.599663291,0.699155792,1.176770674,0.0,4.148219824,6,0.777777778,2.075320513
flow_000517,train,973.49745512,119.119780064,tcp,443,74,86,17170,10400,232.027027027,120.930232558,253.613452035,84.635578683,0.749181007,6.051857123,0.0,58.197928905,5,0.860465116,1.650961538
flow_000813,train,1056.065896988,1062.143918991,udp,443,918,444,833295,64103,907.72875817,144.376126126,536.661577393,128.202807615,0.780414342,5.218484154,0.0,51.14733696,56,2.067567568,12.999313605
flow_000142,train,99.956099987,190.081348181,tcp,443,128,97,51068,25551,398.96875,263.412371134,502.408059647,351.255150091,0.848577447,3.946348209,0.0,29.839456081,16,1.319587629,1.998669328
flow_000832,train,1155.126012087,38.010727882,tcp,443,21,24,2978,16179,141.80952381,674.125,160.845865008,634.659968835,0.863880179,5.576864562,0.0,37.433419943,2,0.875,0.184065764
flow_000297,train,306.393860102,364.81101203,tcp,443,214,200,116389,41308,543.873831776,206.54,564.621590232,254.39036617,0.883319642,4.055277852,0.0,30.014870882,27,1.07,2.817589813
flow_000043,train,18.640275955,271.406852007,tcp,443,124,172,10900,172411,87.903225806,1002.389534884,65.507869431,631.170189065,0.920023227,3.939254834,0.0,20.455190182,18,0.720930233,0.063221024
flow_000244,train,276.220596075,13.813096046,tcp,443,7,9,1295,624,185.0,69.333333333,166.10065795,6.599663291,0.92087307,1.659072438,0.0,5.542011023,6,0.777777778,2.075320513
flow_000003,train,0.280755043,242.072305918,udp,443,133,130,54252,12055,407.909774436,92.730769231,522.117427789,13.037690016,0.923940099,3.098549928,0.0,14.991080046,24,1.023076923,4.500373289
flow_000252,train,284.361152172,5.670060873,tcp,443,5,2,555,148,111.0,74.0,41.641325627,0.0,0.945010146,1.102651041,0.0,2.820306063,3,2.5,3.75
flow_000482,train,870.371309996,71.708348036,udp,443,32,34,17688,7291,552.75,214.441176471,551.57422438,316.04506298,1.103205354,4.353121943,0.0,29.913105965,6,0.941176471,2.426004663
flow_000276,train,296.439422131,118.070559025,tcp,443,47,55,17318,20712,368.468085106,376.581818182,498.398748806,536.076781845,1.169015436,9.751871278,0.0,96.490607023,3,0.854545455,0.836133642
flow_000241,train,274.17119503,15.85472703,tcp,443,8,6,1440,402,180.0,67.0,155.935082647,7.0,1.219594387,2.316004224,0.0,8.198802948,5,1.333333333,3.582089552
flow_000830,train,1137.661844015,31.179461002,udp,443,12,14,5919,5045,493.25,360.357142857,565.119769754,445.153201099,1.24717844,5.847696395,0.0,29.883795023,2,0.857142857,1.173240833
flow_001343,train,2496.372462034,153.774061918,udp,443,53,71,26956,53958,508.603773585,759.971830986,543.972610979,582.30759917,1.250195625,9.190006412,0.0,83.1331141,4,0.746478873,0.499573743
flow_000849,train,1197.383651018,30.755814075,udp,443,11,14,5879,4995,534.454545455,356.785714286,578.887705178,446.697593228,1.281492253,5.844155672,0.0,29.299093008,2,0.785714286,1.176976977
flow_001337,train,2399.716645002,270.462502003,udp,443,104,107,68751,13015,661.067307692,121.635514019,550.044041321,219.867818937,1.287916676,9.088869179,0.0,106.388473988,11,0.971962617,5.282443335
flow_001033,train,2090.673979044,20.72595191,udp,443,9,8,4627,7340,514.111111111,917.5,585.917788022,505.921436589,1.295371994,4.970593895,0.0,20.546316862,2,1.125,0.630381471
flow_001056,train,2092.935884953,18.464046001,udp,443,8,7,4548,5980,568.5,854.285714286,599.687418577,512.048746085,1.318860429,4.717004997,0.0,18.326163769,2,1.142857143,0.760535117
flow_000240,train,273.551393986,442.857676983,tcp,443,154,170,54621,20389,354.681818182,119.935294118,480.967621889,139.587971171,1.371076399,8.520789802,0.0,108.719074965,23,0.905882353,2.678944529
flow_000477,train,786.594236135,178.596444845,udp,443,60,67,12224,9199,203.733333333,137.298507463,332.415797191,203.801924245,1.417432102,5.389629162,0.0,24.025773048,12,0.895522388,1.328840091
flow_000507,train,953.110677004,30.295657158,udp,443,10,12,5700,4814,570.0,401.166666667,586.384515485,468.361298097,1.442650341,6.371904368,0.0,29.938549995,2,0.833333333,1.184046531
flow_000044,train,19.060614109,246.661779881,udp,443,68,93,29784,39591,438.0,425.709677419,478.968591627,528.3614676,1.541636124,7.642953441,0.0,60.53611207,16,0.731182796,0.752292188
flow_000558,train,984.190819025,30.282541037,udp,443,10,10,3803,5918,380.3,591.8,485.990750941,512.631017399,1.593817949,6.678535575,0.0,29.928152084,2,1.0,0.642615749
flow_000861,train,1347.970457077,1304.236291885,udp,443,368,443,158385,196318,430.394021739,443.155756208,482.827349721,526.995158169,1.610168262,8.213181105,0.0,60.994147062,48,0.830699774,0.806777779
flow_000193,train,206.383836985,83.618976116,tcp,443,24,28,3817,6284,159.041666667,224.428571429,290.553563502,410.64708767,1.639587767,6.7735241,0.0,47.992765903,10,0.857142857,0.607415659
flow_000818,train,1077.065423965,239.987547159,udp,443,68,78,30241,28516,444.720588235,365.58974359,499.391095282,483.428764299,1.655086532,8.407279594,0.0,60.946600914,7,0.871794872,1.060492355
flow_000229,train,263.001183987,27.015427113,tcp,443,10,7,861,518,86.1,74.0,39.868408546,0.0,1.688464195,2.921063269,0.0,9.599925041,7,1.428571429,1.662162162
flow_000188,train,205.184357166,84.818480015,tcp,443,22,27,3142,6259,142.818181818,231.814814815,231.64660317,420.852225058,1.767051667,7.603772525,0.0,52.047478914,8,0.814814815,0.501997124
flow_000049,train,21.300150156,49.895154953,tcp,443,16,13,3980,6842,248.75,526.307692308,385.760531289,553.116399575,1.78196982,9.133248035,0.0,49.239233017,2,1.230769231,0.581701257
flow_000047,train,21.060547113,70.031100035,tcp,443,21,19,3656,5990,174.095238095,315.263157895,294.137950266,428.230980726,1.795669232,9.532712821,0.0,59.878050089,3,1.105263158,0.610350584
flow_000048,train,21.22081399,69.965831995,tcp,443,19,20,2549,8438,134.157894737,421.9,163.4635846,557.176623702,1.841206105,9.68840981,0.0,60.09464097,3,0.95,0.302085802
flow_000231,train,265.411107063,24.619836092,tcp,443,8,6,640,444,80.0,74.0,34.817380717,0.0,1.893833546,3.093842685,0.0,8.843321085,6,1.333333333,1.441441441
flow_000220,train,251.671877146,38.331213951,tcp,443,13,8,1205,592,92.692307692,74.0,41.35286171,0.0,1.916560698,4.830939531,0.0,21.428067207,7,1.625,2.035472973
flow_000217,train,251.191604137,38.811486959,tcp,443,13,8,1205,592,92.692307692,74.0,41.35286171,0.0,1.940574348,4.968045669,0.0,22.180569172,8,1.625,2.035472973
flow_000213,train,247.961579084,42.040756941,tcp,443,13,8,1205,592,92.692307692,74.0,41.35286171,0.0,2.102037847,5.587788783,0.0,25.077682018,8,1.625,2.035472973
flow_000976,train,1920.952072144,154.768031836,tcp,443,36,37,6289,4735,174.694444444,127.972972973,184.621206716,106.212811994,2.149555998,10.142614173,0.0,60.136783123,5,0.972972973,1.328194298
flow_000042,train,18.501104116,271.50317502,tcp,443,65,61,7063,22680,108.661538462,371.803278689,146.088516573,521.267396837,2.1720254,5.613224976,0.0,19.957446814,20,1.06557377,0.311419753
flow_000216,train,250.930971146,39.09997201,tcp,443,11,8,921,592,83.727272727,74.0,38.746474113,0.0,2.172220667,4.104868266,0.0,16.383166075,7,1.375,1.555743243
flow_000212,train,244.811743021,45.190333128,tcp,443,13,8,1205,592,92.692307692,74.0,41.35286171,0.0,2.259516656,6.34820769,0.0,28.898219824,8,1.625,2.035472973
flow_001316,train,2348.11195612,188.477771997,udp,443,40,40,10883,10669,272.075,266.725,425.230430914,417.451792876,2.385794582,20.370002147,0.0,182.286787987,2,1.0,1.020058112
flow_000883,train,1587.82181406,164.917532921,tcp,443,34,36,10985,9315,323.088235294,258.75,455.129740239,377.269530457,2.390109173,19.555142193,0.0,163.645587921,2,0.944444444,1.17928073
flow_000025,train,14.651973009,56.5433321,tcp,443,13,10,2752,6686,211.692307692,668.6,368.81314523,575.417622254,2.570151459,11.564493315,0.0,55.564304829,2,1.3,0.411606342
flow_000524,train,974.587450027,118.070251942,tcp,443,22,24,3299,10344,149.954545455,431.0,244.599018297,576.008318806,2.623783376,12.015316543,0.0,58.619974852,3,0.916666667,0.318928848
flow_000052,train,21.718351126,69.373296022,tcp,443,16,11,1651,4219,103.1875,383.545454545,57.591469366,514.254334606,2.668203693,11.515245454,0.0,59.568235159,3,1.454545455,0.391324959
flow_000671,train,1020.210697174,72.36121583,tcp,443,15,13,2038,4739,135.866666667,364.538461538,165.843245935,499.582227833,2.680045031,11.161860506,0.0,58.082746029,3,1.153846154,0.430048533
flow_001315,train,2346.736330032,177.497476101,tcp,443,33,32,6546,3923,198.363636364,122.59375,280.761498934,98.306554771,2.773398064,12.421104986,0.0,58.990139008,4,1.03125,1.668620953
flow_000039,train,17.890428066,53.304877043,tcp,443,10,10,2612,5181,261.2,518.1,417.54180629,619.834889305,2.805519844,11.813669394,0.0,52.926395893,2,1.0,0.504149778
flow_000034,train,17.564913034,53.630392075,tcp,443,11,8,2652,4495,241.090909091,561.875,399.508892732,569.912369909,2.979466226,12.226543965,0.0,53.390712976,2,1.375,0.589988877
flow_000033,train,17.511284113,53.676916838,tcp,443,11,8,2626,4244,238.727272727,530.5,398.27585025,566.305350496,2.982050935,12.241830484,0.0,53.456346989,2,1.375,0.618755891
flow_000833,train,1157.661040068,175.035324097,tcp,443,27,32,5269,3770,195.148148148,117.8125,205.950677969,93.621390952,3.017850415,12.835937393,0.0,58.925337076,4,0.84375,1.397612732
flow_000146,train,107.846050978,67.3376441,udp,443,10,13,6745,7809,674.5,600.692307692,579.853300413,539.464889371,3.060802005,13.941790229,0.0,66.950042009,2,0.769230769,0.863746959
flow_000012,train,12.666567087,277.315485001,tcp,443,54,37,6109,7980,113.12962963,215.675675676,187.159473127,329.684210416,3.081283167,6.901311372,0.0,20.038110018,19,1.459459459,0.765538847
flow_000320,train,350.881927013,124.768067122,tcp,443,19,22,2895,14201,152.368421053,645.5,166.907226209,631.293243343,3.119201678,19.414499864,0.0,124.362670898,2,0.863636364,0.203858883
flow_000287,train,301.764321089,172.26728487,tcp,443,28,27,5722,6868,204.357142857,254.37037037,332.043157079,373.834697887,3.190134905,13.096750554,0.0,58.925220966,4,1.037037037,0.833139196
flow_000194,train,206.504320145,215.701252937,udp,443,30,37,10391,9635,346.366666667,260.405405405,479.351192296,385.795454799,3.268200802,16.052046791,0.0,120.440779924,11,0.810810811,1.078463934
flow_000286,train,301.683890104,172.351296902,tcp,443,27,26,3224,8921,119.407407407,343.115384615,139.659973125,509.448444355,3.314448017,13.324627209,0.0,58.965530872,4,1.038461538,0.361394463
flow_000137,train,99.44729805,190.556478977,tcp,443,29,29,4212,6717,145.24137931,231.620689655,254.947953468,366.961278968,3.343096122,12.241154439,0.0,58.955729008,10,1.0,0.627065654
flow_000419,train,683.483052015,71.287460089,tcp,443,12,10,2771,7399,230.916666667,739.9,387.699939458,643.791961739,3.394640957,15.117771213,0.0,71.003309965,2,1.2,0.374510069
flow_000156,train,114.175590992,175.813577175,tcp,443,25,26,4390,6388,175.6,245.692307692,299.46378746,406.786257353,3.516271544,20.01646424,0.0,142.772712946,7,0.961538462,0.687226049
flow_000136,train,99.365170956,190.6657722,tcp,443,27,27,3074,9045,113.851851852,335.0,140.854982873,492.37948328,3.5974674,12.727538554,0.0,58.95957303,9,1.0,0.339856274
flow_001265,train,2179.491006136,134.491289854,tcp,443,19,19,2364,10465,124.421052632,550.789473684,151.192911206,629.335203039,3.634899726,13.378823878,0.0,58.510049105,4,1.0,0.225895843
flow_000152,train,111.368182182,82.914311886,tcp,443,12,11,2744,5247,228.666666667,477.0,388.041736014,605.112010668,3.768832358,17.089797414,0.0,82.082612038,2,1.090909091,0.522965504
flow_000139,train,99.956099987,190.063029051,tcp,443,26,24,2357,5766,90.653846154,240.25,48.638337449,381.695040794,3.878837328,13.140103469,0.0,58.997267962,9,1.083333333,0.408775581
flow_000388,train,608.470297098,62.734575033,tcp,443,10,7,3003,2909,300.3,415.571428571,450.832574245,537.011268076,3.92091094,15.108269971,0.0,62.434923172,2,1.428571429,1.03231351
flow_000153,train,111.804149151,82.478344917,tcp,443,11,11,2580,5251,234.545454545,477.363636364,397.342847983,604.48960781,3.927540234,17.462353746,0.0,82.020962,2,1.0,0.491334984
flow_001278,train,2182.210952044,164.450758934,tcp,443,20,19,2440,10393,122.0,547.0,147.284418728,632.018154303,4.327651551,14.815521108,0.0,58.819702864,4,1.052631579,0.234773405
flow_001011,train,2081.674386024,184.343801022,udp,443,17,26,5755,22552,338.529411765,867.384615385,477.758013772,556.68538808,4.38913812,27.451616916,0.0,180.125427008,3,0.653846154,0.25518801
flow_000143,train,99.956099987,94.326394081,tcp,443,13,9,2772,5744,213.230769231,638.222222222,370.472703001,508.917975879,4.491733051,19.66798335,0.0,92.44690609,2,1.444444444,0.482590529
flow_000312,train,318.919080019,96.195877075,udp,443,10,12,5749,4807,574.9,400.583333333,582.587581399,469.010919975,4.580756051,20.404360887,0.0,95.831790924,2,0.833333333,1.195964219
flow_001077,train,2121.187340021,103.539284945,tcp,443,12,11,2417,6569,201.416666667,597.181818182,286.540124687,639.775218791,4.706331134,21.470985865,0.0,103.098687172,2,1.090909091,0.367940326
flow_000301,train,306.701617002,67.177945137,tcp,443,9,6,2691,2291,299.0,381.833333333,443.300249392,508.974268068,4.798424653,17.233320553,0.0,66.933984995,2,1.5,1.174596246
flow_000300,train,306.62628603,67.25327611,tcp,443,9,6,2787,2303,309.666666667,383.833333333,452.249193845,507.751388203,4.803805436,17.252943141,0.0,67.010128021,2,1.5,1.21016066
flow_000148,train,110.982488155,83.300005913,tcp,443,10,8,2549,4227,254.9,528.375,413.305322976,565.463954974,4.900000348,19.281335358,0.0,82.021748066,2,1.25,0.603028152
flow_000294,train,302.663866043,171.3730371,tcp,443,20,14,2014,4457,100.7,318.357142857,52.923624215,472.742244349,5.193122336,16.380955598,0.0,58.980916023,4,1.428571429,0.451873457
flow_001299,train,2225.467231989,194.80569315,tcp,443,17,20,4059,7400,238.764705882,370.0,366.221650886,504.553168655,5.411269254,31.913200072,0.0,194.212182999,2,0.85,0.548513514
flow_001093,train,2123.52642107,175.535267115,udp,443,16,17,11310,8736,706.875,513.882352941,622.096242052,541.651166489,5.485477097,30.007349315,0.0,172.553377151,3,0.941176471,1.294642857
flow_000896,train,1755.859280109,205.63222003,tcp,443,16,18,2643,7794,165.1875,433.0,177.658808799,533.559222996,6.231279395,35.134667662,0.0,204.982870102,2,0.888888889,0.339107005
flow_000897,train,1756.579365015,240.486502171,tcp,443,20,17,2783,5558,139.15,326.941176471,151.444800175,443.20735694,6.680180616,39.42508797,0.0,239.922103882,2,1.176470588,0.500719683
flow_000379,train,528.716320038,402.267305136,udp,443,25,34,13825,12318,553.0,362.294117647,566.683050744,438.798126532,6.935643192,17.253050433,0.0,51.091331959,9,0.735294118,1.122341289
flow_001331,train,2365.647588015,204.591432095,udp,443,15,15,8268,4779,551.2,318.6,558.481536549,403.004681528,7.054876969,17.601613434,0.0,51.06764698,5,1.0,1.730069052
flow_000853,train,1213.595185041,184.466928005,udp,443,12,15,7307,6226,608.916666667,415.066666667,589.85004568,483.214854444,7.094881846,35.34566598,0.0,183.823086023,2,0.8,1.173626727
flow_001101,train,2124.18332696,160.03204608,udp,443,10,13,8532,8208,853.2,631.384615385,611.109777372,567.328223879,7.274183913,32.791042325,0.0,157.537157059,2,0.769230769,1.039473684
flow_001317,train,2348.221596003,168.288033009,tcp,443,13,11,2853,6297,219.461538462,572.454545455,372.892357201,604.074854428,7.316871,33.121071269,0.0,162.599436045,3,1.181818182,0.453072892
flow_000368,train,483.145755053,480.028176069,udp,443,29,32,11429,9344,394.103448276,292.0,504.066453256,388.995501259,8.000469601,17.971513743,0.0,51.187970161,12,0.90625,1.223137842
flow_000871,train,1506.542695999,185.037147999,tcp,443,12,9,2766,6071,230.5,674.555555556,384.296218214,627.628182766,9.2518574,40.254016333,0.0,184.715006113,2,1.333333333,0.455608631
flow_000617,train,1010.403630972,1113.400650978,udp,443,53,61,24841,15419,468.698113208,252.770491803,533.762599512,351.958706289,9.853103106,19.603943197,0.0,51.104914188,24,0.868852459,1.611064271
flow_000462,train,754.775240183,160.431875944,tcp,443,10,6,3003,2843,300.3,473.833333333,450.832574245,559.18107284,10.695458396,39.89584863,0.0,159.971932888,2,1.666666667,1.056278579
flow_000918,train,1826.120998144,252.103569984,tcp,443,13,11,2873,6309,221.0,573.545454545,375.060200296,603.169411395,10.961024782,43.696623734,0.0,213.405757904,4,1.181818182,0.455381201
flow_000282,train,301.280254126,300.530489922,tcp,443,14,13,2547,5608,181.928571429,431.384615385,256.936196718,533.6909994,11.558864997,40.188085731,0.0,166.214524031,3,1.076923077,0.454172611
flow_001300,train,2225.567423105,418.04625988,tcp,443,13,13,2795,6448,215.0,496.0,371.694249868,584.510446047,16.721850395,55.926172544,0.0,209.182749987,4,1.0,0.433467742
flow_000529,train,975.201122999,213.536277056,udp,443,2,8,2702,8077,1351.0,1009.625,0.0,490.741260111,23.726253006,67.050172463,0.0,213.372756004,2,0.25,0.334530147