flow_id,app
flow_000003,instagram
flow_000011,x
flow_000012,x
flow_000014,x
flow_000015,x
flow_000017,x
flow_000022,mozilla
flow_000023,mozilla
flow_000025,x
flow_000030,mozilla
flow_000031,mozilla
flow_000033,x
flow_000034,x
flow_000035,x
flow_000036,x
flow_000039,x
flow_000042,x
flow_000043,x
flow_000044,youtube
flow_000045,x
flow_000047,mozilla
flow_000048,mozilla
flow_000049,x
flow_000052,mozilla
flow_000053,mozilla
flow_000078,google
flow_000088,youtube
flow_000100,x
flow_000101,x
flow_000120,google
flow_000126,google
flow_000136,mozilla
flow_000137,mozilla
flow_000143,x
flow_000139,mozilla
flow_000141,mozilla
flow_000142,x
flow_000144,google
flow_000145,youtube
flow_000146,youtube
flow_000147,x
flow_000148,x
flow_000152,x
flow_000153,x
flow_000156,x
flow_000171,x
flow_000184,google
flow_000188,youtube
flow_000193,google
flow_000194,google
flow_000206,youtube
flow_000210,instagram
flow_000212,x
flow_000213,x
flow_000215,instagram
flow_000216,instagram
flow_000217,x
flow_000220,x
flow_000221,youtube
flow_000226,youtube
flow_000229,youtube
flow_000231,facebook
flow_000239,google
flow_000240,google
flow_000241,x
flow_000244,x
flow_000246,x
flow_000248,x
flow_000249,x
flow_000250,x
flow_000252,x
flow_000254,x
flow_000255,x
flow_000256,x
flow_000257,x
flow_000258,x
flow_000259,x
flow_000261,x
flow_000263,x
flow_000265,google
flow_000266,x
flow_000267,x
flow_000273,x
flow_000276,youtube
flow_000277,youtube
flow_000278,google
flow_000282,youtube
flow_000286,mozilla
flow_000287,mozilla
flow_000294,mozilla
flow_000295,mozilla
flow_000297,x
flow_000298,x
flow_000300,x
flow_000301,x
flow_000312,youtube
flow_000320,google
flow_000322,x
flow_000324,mozilla
flow_000341,google
flow_000342,google
flow_000368,facebook
flow_000370,google
flow_000379,instagram
flow_000381,youtube
flow_000388,google
flow_000391,x
flow_000412,x
flow_000419,google
flow_000450,youtube
flow_000451,youtube
flow_000461,x
flow_000462,google
flow_000477,instagram
flow_000482,google
flow_000483,google
flow_000484,youtube
flow_000504,youtube
flow_000507,youtube
flow_000517,mozilla
flow_000524,mozilla
flow_000529,google
flow_000531,google
flow_000533,google
flow_000539,google
flow_000547,google
flow_000552,google
flow_000554,google
flow_000556,google
flow_000558,google
flow_000559,google
flow_000568,google
flow_000569,google
flow_000604,instagram
flow_000617,facebook
flow_000642,google
flow_000645,google
flow_000650,google
flow_000655,google
flow_000671,google
flow_000672,google
flow_000681,mozilla
flow_000682,mozilla
flow_000683,mozilla
flow_000684,mozilla
flow_000685,mozilla
flow_000687,mozilla
flow_000689,mozilla
flow_000729,google
flow_000767,google
flow_000799,facebook
flow_000809,facebook
flow_000813,instagram
flow_000816,google
flow_000817,google
flow_000818,youtube
flow_000821,youtube
flow_000830,google
flow_000831,google
flow_000832,google
flow_000833,mozilla
flow_000836,youtube
flow_000837,instagram
flow_000838,instagram
flow_000845,google
flow_000846,youtube
flow_000847,google
flow_000849,google
flow_000853,google
flow_000855,google
flow_000859,youtube
flow_000861,youtube
flow_000862,google
flow_000866,youtube
flow_000867,google
flow_000871,google
flow_000873,youtube
flow_000880,google
flow_000882,youtube
flow_000883,youtube
flow_000886,youtube
flow_000888,google
flow_000890,google
flow_000892,google
flow_000894,youtube
flow_000896,google
flow_000897,google
flow_000898,google
flow_000900,youtube
flow_000905,google
flow_000907,google
flow_000918,google
flow_000953,google
flow_000973,google
flow_000974,google
flow_000976,mozilla
flow_000978,youtube
flow_000980,google
flow_000984,youtube
flow_000990,google
flow_001006,mozilla
flow_001011,google
flow_001033,google
flow_001056,google
flow_001077,youtube
flow_001093,google
flow_001101,google
flow_001145,facebook
flow_001168,facebook
flow_001185,instagram
flow_001186,google
flow_001216,google
flow_001232,google
flow_001248,youtube
flow_001264,google
flow_001265,google
flow_001266,google
flow_001269,google
flow_001277,google
flow_001278,google
flow_001291,google
flow_001294,youtube
flow_001297,google
flow_001299,google
flow_001300,google
flow_001308,google
flow_001315,mozilla
flow_001316,google
flow_001317,google
flow_001321,instagram
flow_001323,instagram
flow_001328,instagram
flow_001329,google
flow_001330,google
flow_001331,facebook
flow_001337,youtube
flow_001338,google
flow_001340,youtube
flow_001343,youtube
flow_001355,google
flow_001361,google
flow_001383,youtube
flow_001397,google
flow_001398,google
flow_001401,mozilla
flow_001402,google
flow_001405,google
